id;name;value;created;updated;group_id
1;Exclusive Health Personal Loan Account;IB;2020-02-20T14:37:22;2020-02-20T19:03:56;92166
2;Handcrafted Wooden Soap;best-of-breed;2020-02-20T14:45:54;2020-02-20T19:00:52;2492
3;object-oriented;Cordoba Oro orchid Architect;2020-02-20T22:57:33;2020-02-20T15:13:22;15823
4;Seamless;Central;2020-02-20T21:37:11;2020-02-20T15:31:48;74203
5;Fundamental;Small;2020-02-20T21:59:07;2020-02-20T09:20:14;51308
7;Face to face migration;Salad Liaison Shirt;2020-02-20T08:41:16;2020-02-20T22:45:27;14469
8;Consultant;Legacy;2020-02-20T23:37:31;2020-02-20T18:52:05;35819
9;Wyoming Brand;Granite Investment Account Buckinghamshire;2020-02-20T14:01:00;2020-02-20T22:59:59;30525
10;Branding;Investment Account invoice Plastic;2020-02-20T08:51:50;2020-02-21T01:49:03;91291
